{"cameraMode":{"drawMode":0,"name":"Shaded","section":"Shading Mode"},"sceneLighting":false,"audioPlay":false,"sceneViewState":{"m_AlwaysRefresh":false,"showFog":true,"showSkybox":false,"showFlares":true,"showImageEffects":true,"showParticleSystems":true,"showVisualEffectGraphs":true,"m_FxEnabled":true},"in2DMode":false,"pivot":{"x":-0.3062535524368286,"y":0.7400000095367432,"z":2.4600000381469728},"rotation":{"x":0.11729693412780762,"y":-0.8810421228408814,"z":0.35170817375183108,"w":0.2938516438007355},"size":0.8660253882408142,"orthographic":false}