{"cameraMode":{"drawMode":0,"name":"Shaded","section":"Shading Mode"},"sceneLighting":false,"audioPlay":false,"sceneViewState":{"m_AlwaysRefresh":false,"showFog":true,"showSkybox":false,"showFlares":true,"showImageEffects":true,"showParticleSystems":true,"showVisualEffectGraphs":true,"m_FxEnabled":true},"in2DMode":false,"pivot":{"x":-1.1325737237930298,"y":3.2791831493377687,"z":2.5499091148376467},"rotation":{"x":-0.0549725666642189,"y":-0.9089597463607788,"z":0.39323821663856509,"w":-0.12706390023231507},"size":0.28137120604515078,"orthographic":false}